,날짜
0,2022-04-25
12,2022-04-07
13,2022-04-06
22,2022-03-24
29,2022-03-15
30,2022-03-14
31,2022-03-11
34,2022-03-07
35,2022-03-04
40,2022-02-24
45,2022-02-17
49,2022-02-11
50,2022-02-10
56,2022-01-28
57,2022-01-27
65,2022-01-17
71,2022-01-07
73,2022-01-05
96,2021-12-02
97,2021-12-01
104,2021-11-22
108,2021-11-16
120,2021-10-29
133,2021-10-12
137,2021-10-05
140,2021-09-29
144,2021-09-23
155,2021-09-03
158,2021-08-31
169,2021-08-13
170,2021-08-12
171,2021-08-11
172,2021-08-10
176,2021-08-04
177,2021-08-03
179,2021-07-30
194,2021-07-09
208,2021-06-21
209,2021-06-18
215,2021-06-10
232,2021-05-17
234,2021-05-13
235,2021-05-12
236,2021-05-11
244,2021-04-28
249,2021-04-21
260,2021-04-06
262,2021-04-02
263,2021-04-01
272,2021-03-19
278,2021-03-11
283,2021-03-04
286,2021-02-26
287,2021-02-25
288,2021-02-24
292,2021-02-18
295,2021-02-15
296,2021-02-10
300,2021-02-04
304,2021-01-29
305,2021-01-28
306,2021-01-27
307,2021-01-26
314,2021-01-15
315,2021-01-14
317,2021-01-12
318,2021-01-11
319,2021-01-08
337,2020-12-10
339,2020-12-08
341,2020-12-04
345,2020-11-30
349,2020-11-24
350,2020-11-23
358,2020-11-11
361,2020-11-06
362,2020-11-05
366,2020-10-30
381,2020-10-08
406,2020-08-31
429,2020-07-28
489,2020-05-04
508,2020-04-02
509,2020-04-01
516,2020-03-23
517,2020-03-20
518,2020-03-19
520,2020-03-17
521,2020-03-16
522,2020-03-13
523,2020-03-12
524,2020-03-11
525,2020-03-10
526,2020-03-09
531,2020-03-02
532,2020-02-28
534,2020-02-26
535,2020-02-25
536,2020-02-24
595,2019-11-26
670,2019-08-06
719,2019-05-28
800,2019-01-25
882,2018-09-21
892,2018-09-07
960,2018-05-31
961,2018-05-30
983,2018-04-25
1014,2018-03-13
1040,2018-01-31
1081,2017-11-30
1117,2017-10-11
1118,2017-10-10
1153,2017-08-11
1226,2017-04-25
1264,2017-03-02
1421,2016-07-13
1501,2016-03-17
1506,2016-03-10
1639,2015-08-24
1723,2015-04-22
1811,2014-12-11
1901,2014-07-30
2022,2014-02-04
2055,2013-12-12
2091,2013-10-23
2115,2013-09-12
2116,2013-09-11
2117,2013-09-10
2118,2013-09-09
2173,2013-06-21
2179,2013-06-13
2183,2013-06-07
2225,2013-04-05
2256,2013-02-20
2362,2012-09-14
2386,2012-08-10
2387,2012-08-09
2388,2012-08-08
2394,2012-07-31
2517,2012-02-02
2523,2012-01-25
2524,2012-01-20
2525,2012-01-19
2529,2012-01-13
2559,2011-12-01
2607,2011-09-23
2614,2011-09-14
2621,2011-09-01
2633,2011-08-16
2636,2011-08-10
2637,2011-08-09
2641,2011-08-03
2659,2011-07-08
2680,2011-06-09
2698,2011-05-13
2699,2011-05-12
2708,2011-04-27
2712,2011-04-21
2726,2011-04-01
2727,2011-03-31
2742,2011-03-10
2760,2011-02-11
2761,2011-02-10
2766,2011-01-31
2821,2010-11-12
2822,2010-11-11
2826,2010-11-05
2836,2010-10-22
2848,2010-10-06
2850,2010-10-04
2862,2010-09-13
2863,2010-09-10
2896,2010-07-27
2905,2010-07-14
2940,2010-05-25
2943,2010-05-19
2945,2010-05-17
2951,2010-05-07
2952,2010-05-06
2970,2010-04-09
2975,2010-04-02
2987,2010-03-17
3066,2009-11-19
3109,2009-09-18
3110,2009-09-17
3111,2009-09-16
3114,2009-09-11
3180,2009-06-11
3208,2009-04-30
3243,2009-03-12
3244,2009-03-11
3287,2009-01-07
3343,2008-10-16
3364,2008-09-16
3430,2008-06-12
3488,2008-03-17
3490,2008-03-13
3524,2008-01-22
3526,2008-01-18
3527,2008-01-17
3528,2008-01-16
3545,2007-12-18
3565,2007-11-20
3569,2007-11-14
3570,2007-11-13
3572,2007-11-09
3575,2007-11-06
3599,2007-10-02
3620,2007-08-29
3628,2007-08-17
3629,2007-08-16
3642,2007-07-27
3644,2007-07-25
3649,2007-07-18
3650,2007-07-16
3794,2006-12-14
3934,2006-05-23
3950,2006-04-27
3962,2006-04-11
4014,2006-01-25
